,Year,Region,MPA_Group,Designation,Longitude,Latitude,Acorn.barnacle,Aggregated.nipple.sponge,Basket.star,Bat.star,Bat.star.red.sea.star.complex,Benthic.siphonophore,Blood.star,Boot.sponge,Brown.box.crab,Brown.gorgonian,California.golden.gorgonian,California.hydrocoral,California.market.squid,California.mussel,California.sea.cucumber,California.spiny.lobster,Chesnut.cowrie,Clown.nudibranch,Colonial.cup.coral,Cookie.star,Crested.star,Crowned.sea.urchin,Cushion.star,Dawson.s.sun.star,Decorator.crab,Deep.sea.cucumber,Diamondback.Tritonia,Dirty.marshmallow.sponge,Dungeness.crab,East.Pacfic.red.octopus,Elephant.ear.tunicate,Encrusting.hydrocoral,Feather.star,Fish.eating.star,Fish.eating.anemone,Fish.eating.star.1,Fluted.bryozoan,Fragile.pink.urchin,Freckled.pale.sea.lemon,Frilled.anemone,Giant.keyhole.limpet,Giant.Pacific.octopus,Giant.rock.scallop,Giant.spined.star,Glassy.tunicate,Gorgonian.zoanthid,Gray.puffball.sponge,Gumboot.chiton,Leather.star,Long.legged.sunflower.star,Lophelia.complex,Mantis.shrimp,Mushroom.soft.coral,Noble.sea.lemon,Northern.staghorn.bryozoan,Ochre.star,Orange.gorgonian,Orange.puffball.sponge,Orange.sea.cucumber,Orange.sea.pen,Orange.peel.nudibranch,Painted.anemone,Pelagic.red.crab,Phosphorescent.sea.pen,Pink.Tritonia,Pisaster.complex,Pleurobranchaea.californica,Puget.Sound.king.crab,Purple.gorgonian,Purple.sea.urchin,Purple.red.urchin.complex,Rainbow.star,Red.gorgonian,Red.rock.crab,Red.sea.star,Red.sea.urchin,San.Diego.scallop,Sand.star,Sand.star.spiny.sand.star.complex,Sand.rose.anemone,Sand.rose.anemone.....,Sea.star,Sea.whip,Sheep.crab,Short.red.gorgonian,Short.spined.sea.star,Slipper.sea.cucumber,Solaster.sun.star.complex,Southern.staghorn.bryozoan,Spanish.shawl.nudibranch,Spiny.lithode.crab,Spiny.red.star,Spiny.sand.star,Spiny.thorny.star.complex,Spot.prawn,Stalked.tunicate,Stimpson.s.sun.star,Stubby.rose.anemone,Sunflower.star,Sunflower.star.complex,Swimming.anemone,Swimming.nudibranch,Thorny.sea.star,Trumpet.sponge,UI.anemone,UI.anemone.1,UI.anemone.2,UI.anemone.3,UI.anemone.4,UI.anemone.5,UI.anemone.6,UI.boot.sponge,UI.brachiopoda,UI.branched.bryozoan,UI.branched.sea.cucumber,UI.branched.sponge,UI.brittle.stars.,UI.Cancer.sp.,UI.carpet.worm,UI.crab,UI.feather.star,UI.gorgonian,UI.gray.gorgonian,UI.Henricia,UI.laced.sponge,UI.laced.lobed.bryozoan,UI.lobed.sponge,UI.lobed.sponge.tunicate,UI.nipple.sponge,UI.nudibranch,UI.octopus,UI.prawn,UI.red.Swiftia.gorgonian,UI.salp,UI.sand.dwelling.anemone,UI.scallop,UI.sea.pen,UI.sea.star,UI.squat.lobster,UI.tube.dwelling.anemone,UI.tubeworm,UI.tunicate,UI.vase.sponge,UI.whelk,UI.White.Branching.Sponge,UI.white.lobed.sponge,UI.White.slipped.sea.cucumber,UI.yellow.boot.sponge,UI.yellow.gorgonian,Warty.sea.cucumber,White.branched.sea.cucumber,White.sea.pen,White.sea.pen.....,White.sea.urchin,White.spine.sea.cucumber,White.plumed.anemone,White.spotted.rose.anemone
1,2005,South,Carrington Point,MPA,-120.0704886,34.06032773,0,0,0,359,0,0,0,0,0,0,0,0,0,0,5,0,0,0,0,0,0,0,0,0,0,0,0,1,0,0,0,0,0,0,0,0,0,0,0,0,0,0,0,2,0,0,0,0,0,0,0,0,0,0,0,0,0,1,0,0,0,0,0,0,0,0,0,0,0,0,0,0,5,0,11,0,0,0,0,17,0,0,0,0,0,0,0,0,0,0,0,0,0,0,0,0,0,0,85,0,0,0,0,0,0,0,0,0,0,0,0,0,0,150.4,0,0,0,0,0,1,0,0,0,0,0,0,0,1,0,0,0,0,0,0,0,0,0,0,0,0,0,0,0,0,0,0,0,0,0,0,0,0,0,0,0,0,0
2,2005,South,Carrington Point,Reference,-120.1317427,34.05074289,0,0,0,655.6,2,0,0,0,0,0,0,0,0,0,21,0,0,0,0,0,0,0,0,0,0,0,0,6,0,0,0,0,0,0,0,0,0,0,0,0,0,0,0,10,0,0,1,0,11,0,0,0,0,0,0,0,0,15,0,0,0,0,0,0,0,4,0,0,0,0,0,0,1,0,9,0,0,0,0,6,0,0,0,0,0,0,0,0,0,0,0,0,0,0,0,0,0,0,53,0,0,0,0,0,0,0,0,0,0,0,0,0,0,241.2,0,7,0,0,0,0,0,0,0,0,0,0,0,1,0,0,0,0,0,0,0,0,0,0,0,4,0,0,0,0,0,0,0,0,0,1,0,0,0,0,0,0,0
3,2006,South,Carrington Point,MPA,-120.0724623,34.06407587,0,0,0,173,4,0,0,0,0,0,0,0,0,0,33,0,0,0,0,0,0,0,0,0,0,0,0,30,0,0,0,0,0,0,0,0,0,0,0,0,2,0,0,2,0,0,7,0,1,0,0,0,0,0,0,0,0,6,0,0,0,0,0,0,0,0,0,0,0,0,0,0,7,0,5,0,0,0,0,3,0,0,0,0,0,0,0,0,0,0,0,0,0,0,0,0,0,0,48,0,0,0,0,0,0,0,0,0,0,0,0,0,0,6,0,1,0,0,0,0,0,0,0,3,0,0,0,9,7,0,0,0,0,0,0,0,0,2,0,0,0,0,0,0,0,0,0,0,0,0,0,0,0,0,0,0,0
4,2006,South,Carrington Point,Reference,-120.131169,34.05222119,0,0,0,500,2,0,0,0,0,0,0,0,0,0,22,0,0,0,0,0,0,0,0,0,0,0,0,12,0,0,0,0,0,0,0,0,0,0,0,0,0,0,0,11,0,0,2,0,12,0,0,0,0,0,0,0,0,2,0,0,0,0,0,0,0,2,0,0,0,0,0,0,2,0,5,0,0,0,0,9,0,0,0,0,0,3,0,0,0,0,0,0,0,0,0,0,0,0,69,0,0,0,0,0,0,0,0,0,0,0,0,0,0,37,0,2,0,0,0,0,0,0,0,1,0,29,0,4,0,0,0,0,0,0,0,0,0,0,0,0,0,0,0,0,0,0,0,0,0,0,0,0,0,0,0,0,0
5,2007,South,Carrington Point,MPA,-120.072476,34.06367004,0,0,0,428,2,0,0,0,0,0,0,0,0,0,21,0,0,0,0,0,0,0,0,0,0,0,0,11,0,0,0,0,0,0,0,0,0,0,0,0,0,0,0,5,0,0,1,0,2,0,0,0,0,0,0,0,0,15,0,0,0,0,0,0,0,0,0,0,0,0,0,0,2,0,3,0,0,0,0,7,0,0,0,0,0,0,0,0,0,0,0,0,0,0,0,0,0,0,37,0,0,0,0,0,0,0,0,0,0,0,0,0,0,151.8,0,0,0,0,0,0,0,0,0,0,0,0,0,22,2,0,0,0,0,0,0,0,0,1,0,0,0,0,0,0,0,0,0,0,0,0,0,0,0,0,0,0,0
6,2007,South,Carrington Point,Reference,-120.1308623,34.05196142,0,0,0,426,0,0,0,0,0,0,0,0,1,0,15,0,0,0,0,0,0,0,0,0,0,0,0,0,0,0,0,0,0,0,0,0,0,0,0,0,0,0,0,0,0,0,0,0,2,0,0,0,0,0,0,0,0,8,0,0,0,0,0,0,0,0,0,0,0,0,0,0,0,0,6,0,0,0,0,2,0,0,0,0,0,3,0,0,0,0,0,0,0,0,0,0,0,0,40,0,0,0,0,0,0,0,0,0,0,0,0,0,0,0,0,0,0,0,0,0,0,0,0,0,0,635.8,0,1,2,0,0,0,0,0,0,0,0,0,0,0,0,0,0,0,0,0,0,0,0,0,0,0,0,0,0,0,0
7,2008,South,Carrington Point,MPA,-120.0726896,34.06235648,0,0,0,298,3,0,0,0,0,0,0,0,0,0,54,0,0,0,0,0,0,0,0,0,0,0,0,19,0,0,0,0,0,0,1,0,0,0,0,0,0,0,0,11,0,0,9,0,1,0,0,0,0,0,0,0,0,49,0,0,0,0,0,0,0,0,0,0,1,0,0,0,2,0,54,0,0,2,0,13,0,0,0,0,0,2,0,0,0,0,0,0,0,0,0,0,0,0,45,0,0,0,0,0,0,0,0,0,0,0,0,0,0,273.4,0,3,0,0,0,0,0,0,0,0,0,1554.5,25,0,0,0,0,0,0,0,0,0,0,1,0,0,0,0,0,0,0,0,0,0,0,0,0,0,0,0,0,0,3
8,2008,South,Carrington Point,Reference,-120.1309082,34.0506156,0,0,0,235,3,0,0,0,0,0,0,0,0,0,16,0,0,0,0,0,0,0,0,0,0,0,0,0,0,0,0,0,0,0,0,0,0,0,0,0,0,0,0,10,0,0,0,0,3,0,0,0,0,0,0,0,0,46,0,0,0,0,0,0,0,0,0,0,0,0,0,0,0,0,11,1,0,0,0,2,0,0,0,0,0,3,0,0,0,0,0,0,0,0,0,0,0,0,26,0,0,0,0,0,0,0,0,0,0,0,0,0,0,139.8,0,5,0,0,0,0,0,0,0,1,0,455.8,3,0,0,0,0,0,0,0,0,0,0,0,0,0,0,0,0,0,0,0,0,0,0,0,0,0,0,0,0,0,0
9,2009,South,Carrington Point,MPA,-120.0753452,34.06310924,0,0,0,637,12,0,0,0,0,0,0,0,0,0,90,0,0,0,0,0,0,0,0,0,0,0,0,22,0,0,0,0,0,0,0,0,0,0,0,0,0,0,0,6,0,0,69,0,1,0,0,0,0,0,0,0,0,39,0,0,0,0,0,0,0,0,0,0,0,0,0,3,9,0,39,0,0,0,0,24,0,0,0,0,0,0,0,0,0,0,0,0,0,0,0,0,0,0,64,0,0,0,0,0,0,0,0,0,0,0,0,0,0,739.2,0,32,0,0,0,0,0,0,0,3,0,1646.7,64,13,40,0,0,0,0,0,0,0,0,3,0,0,0,0,0,0,0,0,0,0,0,0,0,0,0,0,0,0,1
10,2009,South,Carrington Point,Reference,-120.1322849,34.05298509,0,0,0,519,5,0,0,0,0,0,0,0,0,0,46,0,0,0,0,0,0,0,0,0,0,0,0,4,0,0,0,0,0,0,0,0,0,0,0,0,0,0,0,7,0,0,15,0,20,0,0,0,0,0,0,0,0,20,0,0,0,0,0,0,0,0,0,0,0,0,0,0,4,0,29,0,0,0,0,5,0,0,0,0,0,3,0,0,0,0,0,0,0,0,0,0,0,0,69,0,0,0,0,0,0,0,0,0,0,0,0,0,0,119,0,0,0,0,0,0,0,0,0,0,0,410.1,10,0,10,0,0,0,0,0,0,0,0,0,0,0,0,0,0,0,0,0,0,0,0,0,0,0,0,0,0,0,0
11,2014,South,Carrington Point,MPA,-120.0711484,34.06001186,0,0,0,689,0,0,0,0,0,0,0,0,0,0,19,0,0,0,0,0,0,0,0,0,0,0,0,0,0,0,0,0,0,0,0,0,0,0,0,0,0,0,0,2,0,0,9,0,0,0,0,0,0,0,0,0,0,47,0,0,0,0,0,0,0,0,0,0,0,0,0,0,6,0,2,108,0,0,0,14,0,0,0,0,0,0,0,0,0,0,0,0,0,0,0,0,0,0,0,0,0,0,0,0,5,0,0,0,0,0,0,0,0,758,0,0,0,1,0,0,0,2,0,1,0,0,0,0,13,0,0,0,0,0,0,0,0,1,0,0,0,0,0,0,0,0,0,0,0,2,0,0,0,0,0,0,18
12,2014,South,Carrington Point,Reference,-120.1310959,34.05268555,0,0,0,835,2,0,0,0,0,0,0,0,0,0,67,0,0,0,0,0,0,0,0,0,0,0,0,12,0,0,0,0,0,0,0,0,0,0,0,0,0,0,0,2,0,0,0,0,34,0,0,0,0,0,0,0,0,102,0,0,0,0,0,0,0,0,0,0,0,0,0,0,12,1,7,3,0,0,0,5,0,0,0,0,0,0,0,0,0,0,0,0,0,0,0,0,0,0,0,0,0,0,0,0,0,0,0,0,0,0,0,0,0,229.4,0,1,0,0,0,0,0,0,0,5,0,0,0,1,9,0,0,0,0,0,0,0,0,2,0,1,0,0,0,0,0,0,0,0,0,1,0,0,0,0,0,0,0
13,2015,South,Carrington Point,MPA,-120.0722721,34.05954507,0,0,0,405,0,0,0,0,0,0,0,0,0,0,21,0,0,0,0,0,0,0,0,0,0,0,0,2,0,0,0,0,0,0,2,0,0,0,0,0,0,0,0,0,0,0,2,0,0,0,0,0,0,0,0,0,0,27,0,0,0,0,0,0,0,0,0,0,0,5,0,0,3,0,10,641.9,0,0,0,32,0,0,0,0,0,0,0,0,0,0,0,0,0,0,0,0,0,0,0,0,0,0,0,0,0,0,0,0,0,0,0,0,0,0,0,2,0,0,0,0,0,0,0,2,0,0,0,0,3,0,0,0,0,0,0,0,0,1,0,0,0,0,0,0,0,0,0,0,0,0,0,3,0,0,0,0,1
14,2015,South,Carrington Point,Reference,-120.1306861,34.05014538,0,0,0,710,0,0,0,0,0,0,0,0,0,0,40,0,0,0,0,0,0,0,0,0,0,0,0,2,0,0,0,0,0,0,9,0,0,0,0,0,1,0,0,0,0,0,4,0,25,0,0,0,0,0,0,0,0,33,0,0,0,0,0,0,0,1,0,0,0,198,0,0,3,0,22,1570.2,0,0,0,15,0,0,2,1,0,0,0,0,0,0,0,0,0,0,0,0,0,0,0,0,0,0,0,0,0,0,0,0,0,0,0,0,0,0,0,0,0,0,0,0,0,0,0,4,0,0,0,0,1,0,0,0,0,0,0,0,0,0,0,6,0,0,0,0,0,0,0,0,0,0,0,0,0,0,0,0,8
15,2005,South,Gull Island,MPA,-119.8188862,33.94100398,0,0,0,59,5,0,0,0,0,0,0,0,0,0,4,0,0,0,0,0,0,0,0,0,0,0,0,13,0,0,0,0,0,0,0,0,0,0,0,0,0,0,1,3,0,0,0,0,0,0,0,0,0,0,0,0,0,0,0,0,0,0,0,0,0,0,0,0,20,0,0,0,19,0,110,0,0,3,0,2,0,0,192.2,0,0,0,0,0,0,0,0,0,0,0,0,0,0,0,4,0,0,0,0,0,0,0,0,0,0,0,0,0,0,0,0,23,0,0,0,0,0,0,0,4,0,0,0,2,0,0,0,0,0,0,0,0,0,1,0,0,0,0,0,0,0,0,0,0,0,0,0,226,0,0,0,0,0
16,2005,South,Gull Island,Reference,-119.9672765,33.91853149,0,0,0,137,0,0,0,0,0,0,0,0,0,0,2,0,0,0,0,0,0,0,0,0,0,0,0,0,0,0,0,0,0,0,1,0,0,0,0,0,0,0,0,5,0,0,0,0,5,0,0,0,0,0,0,0,0,1,0,0,0,0,0,0,0,0,0,0,7,0,0,0,7,0,0,52,0,0,0,51,0,0,59,0,0,0,0,0,0,0,0,0,0,0,0,0,0,0,18,0,0,0,0,0,2,0,0,0,0,0,0,0,0,45.1,0,0,0,0,0,0,0,0,0,2,0,0,0,0,1,0,0,0,0,0,1,0,0,1,0,0,0,0,0,0,0,0,0,0,0,0,0,0,0,0,0,0,0
17,2006,South,Gull Island,MPA,-119.8194695,33.94256368,0,0,0,251,3,0,0,0,0,0,0,0,0,0,28,0,0,0,0,0,0,0,0,0,0,0,0,22,0,0,0,0,0,0,0,0,0,0,0,0,0,0,0,1,0,0,0,0,3,0,0,0,0,0,0,0,0,0,0,0,0,0,0,0,0,0,0,0,2,0,0,0,36,0,25,0,0,1,0,0,0,0,93,0,0,0,0,0,0,0,0,0,0,0,0,0,0,0,6,0,0,0,0,0,0,0,0,0,0,0,0,0,0,0,0,7,0,0,0,0,0,0,0,15,0,0,0,1,1,0,0,0,0,0,0,0,0,0,0,0,0,0,0,0,0,0,0,0,0,0,0,303.4,0,0,0,0,0
18,2006,South,Gull Island,Reference,-119.9679233,33.91340222,0,0,0,348,0,0,0,0,0,0,0,0,0,0,4,0,0,0,0,0,0,0,0,0,0,0,0,0,0,0,0,0,0,0,0,0,0,0,0,0,0,0,0,10,0,0,0,0,1,0,0,0,0,0,0,0,0,3,0,0,0,0,0,0,0,0,0,0,0,0,0,0,32,0,0,7,0,27,0,51,0,0,5,0,0,0,0,0,0,0,0,0,0,0,0,0,0,0,5,0,0,0,0,0,0,0,0,0,0,0,0,0,0,3,0,0,0,0,0,0,0,1,0,1,0,0,0,0,0,0,0,0,0,0,0,0,0,4,0,0,0,0,0,0,0,0,0,0,0,4,0,0,0,0,0,0,0
19,2007,South,Gull Island,MPA,-119.8176187,33.94071221,0,0,0,102.2,0,0,0,0,0,0,0,0,0,0,7,0,0,0,0,0,0,0,0,0,0,0,0,11,0,0,0,0,0,0,0,0,0,0,0,0,0,0,0,2,0,0,0,0,0,0,0,0,0,0,0,0,1,0,0,0,0,0,0,0,0,0,0,0,7,0,0,0,15,0,29,0,0,1,0,1,0,0,140,0,0,0,0,0,0,0,0,0,0,0,0,0,0,0,4,0,0,0,0,0,1,0,0,0,0,0,0,0,0,7,0,101.6,0,0,0,0,0,0,0,2,0,0,60,0,5,0,0,0,0,0,0,0,0,0,0,0,0,0,0,0,0,0,0,0,0,0,0,217.5,0,2,0,0,0
20,2007,South,Gull Island,Reference,-119.9612689,33.90808976,0,0,0,249,0,0,0,0,0,0,0,0,0,0,16,0,0,0,0,0,0,0,0,0,0,0,0,0,0,0,0,0,0,0,0,0,0,0,0,0,0,0,0,2,0,0,0,0,4,0,0,0,0,0,0,0,0,2,0,1,0,0,0,0,0,0,0,0,0,0,0,0,9,0,51,9,0,8,0,10,0,0,214.7,0,0,0,0,0,0,0,0,0,0,0,0,0,0,0,7,0,0,0,0,0,0,0,0,0,0,0,0,0,0,12,0,0,0,0,0,0,0,0,0,0,0,0,3,0,0,0,0,0,0,0,0,0,0,0,0,0,0,0,0,0,0,0,0,0,0,0,0,317.2,0,0,0,0,0
21,2008,South,Gull Island,MPA,-119.8192217,33.94085444,0,0,0,45,0,0,0,0,0,0,0,0,0,0,7,0,0,0,0,0,0,0,0,0,0,0,0,1,0,0,0,0,0,0,0,0,0,0,0,0,0,0,0,0,0,0,2,0,0,0,0,0,0,0,0,0,0,0,0,0,0,0,0,0,0,0,0,0,6,0,0,0,12,0,20,0,0,0,0,1,0,0,227,0,0,1,0,0,0,0,0,0,0,0,0,0,0,0,1,0,0,0,0,0,0,0,0,0,0,0,0,0,0,116.4,0,96,0,0,0,0,0,0,0,2,0,0,28,0,0,0,0,0,0,0,0,0,0,0,0,0,0,0,0,0,0,0,0,0,0,0,0,405.1,0,43,0,0,0
22,2008,South,Gull Island,Reference,-119.9644077,33.91287142,0,0,0,294,0,0,0,0,0,0,0,0,0,0,12,0,0,0,0,0,0,0,0,0,0,0,0,0,0,0,0,0,0,0,1,0,0,0,0,0,0,0,0,4,0,0,0,0,0,0,0,0,0,0,0,0,0,17,0,1,0,0,0,0,0,12,0,0,0,0,0,0,6,0,2,50,0,9,0,20,0,0,0,0,0,1,0,0,0,0,0,0,0,0,0,0,0,0,38,0,0,0,0,0,0,0,0,0,0,0,0,0,0,124.3,0,0,0,0,0,0,0,0,0,0,0,0,0,0,0,0,0,0,0,0,0,0,0,0,0,0,0,0,0,0,0,0,0,0,0,0,0,1,0,0,0,0,0
23,2009,South,Gull Island,MPA,-119.8198839,33.94160115,0,0,0,261,0,0,0,0,0,0,0,0,0,0,46,0,0,0,0,0,0,0,0,0,0,0,0,5,0,0,0,0,0,0,0,0,0,0,0,0,0,0,0,0,0,0,0,0,0,0,0,0,0,0,0,0,0,0,0,1,0,0,0,0,0,0,0,0,1,0,0,0,25,0,108,0,0,3,0,1,0,0,316.4,0,0,0,0,0,0,0,0,0,0,0,0,0,0,0,8,0,0,0,0,0,0,0,0,0,0,0,0,1,0,94,0,65.8,0,1,0,0,0,0,0,4,0,11,27,0,1,0,0,0,0,0,0,0,0,0,0,0,0,0,0,1,0,0,0,0,0,0,0,814,0,4,0,0,0
24,2009,South,Gull Island,Reference,-119.9729943,33.92637842,0,0,0,187,0,0,0,0,0,0,0,0,0,0,1,0,0,0,0,0,0,0,0,0,0,0,0,1,0,0,0,0,0,0,0,0,0,0,0,0,0,0,0,2,0,0,0,0,1,0,0,0,0,0,0,0,0,7,0,0,0,0,0,0,0,0,0,0,0,0,0,0,13,0,4,46,0,38,0,126,0,0,3,0,0,0,0,0,0,0,0,0,0,0,0,4,0,0,25,0,0,0,0,0,0,0,0,0,0,0,0,0,0,104,0,0,0,0,0,0,0,0,0,0,0,18,1,1,0,0,0,0,0,0,0,0,0,0,0,0,0,0,0,0,0,0,0,0,0,0,0,0,0,0,0,0,1
25,2014,South,Gull Island,MPA,-119.8195666,33.93967546,0,0,0,74,5,0,0,0,0,0,0,0,0,0,17,0,0,0,0,3,0,0,0,0,0,0,0,3,0,0,0,0,0,1,0,0,0,0,0,0,0,0,0,0,0,0,2,0,0,0,0,0,0,0,0,0,2,0,0,1,0,0,0,0,0,0,0,0,2,0,0,0,21,1,31,0,0,4,0,1,0,0,52,0,0,0,0,0,0,0,0,0,0,0,0,0,0,0,0,0,0,0,0,0,0,0,0,0,0,0,0,0,0,0,0,12,0,1,0,0,0,0,0,5,0,0,0,0,1,0,0,0,0,0,0,0,0,7,0,0,0,0,0,0,0,0,0,0,0,0,0,67,0,10916.8,0,0,0
26,2014,South,Gull Island,Reference,-119.9648997,33.91131602,0,0,0,459,4,0,0,0,0,0,0,0,0,0,7,0,0,0,0,0,0,0,0,0,0,0,0,0,0,0,0,0,0,0,0,0,0,0,0,0,0,0,0,0,0,0,3,0,4,0,0,0,0,0,0,0,0,33,0,0,0,0,0,0,0,0,0,0,0,5,2,0,22,0,3,750.2,0,0,0,21,0,0,5,0,0,0,0,0,0,0,0,0,0,0,0,0,0,0,0,0,0,0,0,0,1,0,0,0,0,0,0,0,0,0,0,0,0,0,0,0,0,0,0,2,0,0,0,0,4,0,0,0,0,0,0,0,0,1,0,0,0,0,0,0,0,0,0,0,0,0,0,2,0,5,0,0,3
27,2015,South,Gull Island,MPA,-119.8195048,33.9403245,0,0,0,154,5,0,0,0,0,0,0,0,0,0,41,0,0,0,0,8,0,0,0,0,0,0,0,13,0,0,0,0,0,0,0,0,0,0,0,0,0,0,0,0,0,0,0,0,6,0,0,0,0,0,0,0,0,1,0,0,0,0,0,1,0,0,0,0,3,0,0,0,32,0,129,0,0,0,0,0,1,0,26,0,0,0,0,0,0,0,0,0,0,0,0,0,0,0,0,0,0,0,0,0,0,0,0,0,0,0,0,0,0,0,0,4,0,0,0,0,0,0,0,8,0,0,0,0,0,0,0,0,0,0,0,0,0,1,0,0,0,0,0,0,0,0,0,0,0,0,0,83,0,4087.9,0,0,0
28,2015,South,Gull Island,Reference,-119.9635178,33.9078645,0,0,0,221,0,0,0,0,0,0,0,0,0,0,29,0,0,0,0,0,0,0,0,0,1,0,0,3,0,0,0,0,0,0,0,0,0,0,0,0,0,0,1,0,0,0,1,0,1,0,0,0,0,0,0,0,0,17,0,0,0,0,0,0,0,0,0,0,3,160.5,0,0,42,0,0,317.2,0,0,0,9,35,0,15,0,0,0,0,0,0,0,0,0,0,0,0,1,0,0,0,0,0,0,0,0,0,0,0,0,0,0,0,0,0,231.9,0,18,0,0,0,0,0,0,0,0,0,0,0,0,9,0,0,0,0,0,0,0,0,2,0,1,0,0,0,0,0,0,0,0,0,0,0,6,0,62,0,0,0
29,2005,South,Harris Point,MPA,-120.3236955,34.06261794,0,0,0,212,101,0,0,0,0,0,0,0,0,0,96,0,0,0,0,0,0,0,0,0,0,0,0,14,0,0,0,0,0,0,0,0,0,0,0,0,0,0,0,2,0,0,1,0,0,0,0,0,0,0,0,0,0,6,0,0,0,0,0,0,0,2,0,0,9,0,0,0,21,0,83,0,0,5,0,1,0,0,1,0,0,0,0,0,0,0,0,0,0,0,0,0,0,0,6,0,0,0,0,0,1,0,0,0,0,0,0,0,0,14,0,12,0,0,0,0,0,0,0,5,0,0,0,28,0,0,0,0,0,0,0,0,0,1,0,0,0,0,0,0,0,0,0,0,0,0,0,5,0,0,0,0,0
30,2005,South,Harris Point,Reference,-120.4439691,34.0936159,0,0,0,16,8,0,0,0,0,0,0,0,0,0,2,0,0,0,0,7,0,0,0,0,0,0,0,2,0,0,0,0,0,0,0,0,0,0,0,0,0,0,0,0,0,0,0,0,0,0,0,0,0,0,0,0,0,0,0,0,0,0,0,0,0,0,0,0,0,0,0,0,0,0,203,0,0,1,0,0,0,0,0,1,0,0,0,0,0,0,0,0,0,0,0,0,0,0,0,0,0,0,0,0,0,0,0,0,0,0,0,0,0,0,0,0,0,0,0,0,0,0,0,0,0,0,0,0,0,0,0,0,0,0,0,0,0,5,0,0,0,0,0,0,0,0,0,0,0,0,0,0,0,0,0,0,0
31,2006,South,Harris Point,MPA,-120.3243452,34.06273636,0,0,0,153,8,0,0,0,0,0,0,0,0,0,106,0,0,0,0,1,0,0,0,0,0,0,0,16,0,0,0,0,0,0,0,0,0,0,0,0,0,0,1,4,0,0,8,0,0,0,0,0,0,0,0,0,0,3,0,0,0,0,0,0,0,1,0,0,0,0,0,0,7,0,71,0,0,1,0,3,0,0,0,0,0,0,0,0,0,0,0,0,0,0,0,0,0,0,33,0,0,0,0,0,0,0,0,0,0,0,0,0,0,150.1,0,62.2,0,0,0,0,0,0,0,2,0,0,0,111.7,1,0,0,0,0,0,0,0,0,4,0,0,0,0,0,0,0,0,0,0,0,0,0,70,0,0,0,0,0
32,2006,South,Harris Point,Reference,-120.441909,34.08682815,0,0,0,27,0,0,0,0,0,0,0,0,0,0,1,0,0,0,0,1,0,0,0,0,0,0,0,11,0,0,0,0,0,0,0,0,0,0,0,0,0,0,0,6,0,0,0,0,0,0,0,0,0,0,0,0,0,1,0,0,0,0,0,0,0,0,0,0,1,0,0,0,0,0,38,0,0,0,0,0,0,0,0,0,0,0,0,0,0,0,0,0,0,0,0,0,0,0,0,0,0,0,0,0,0,0,0,0,0,0,0,0,0,104.2,0,1,0,0,0,0,0,0,0,1,0,1,0,9,3,0,0,0,0,0,0,0,0,3,0,0,0,0,0,0,0,0,0,0,0,0,0,0,0,0,0,0,0
33,2007,South,Harris Point,MPA,-120.326122,34.06906914,0,0,0,131,6,0,0,0,0,0,0,0,0,0,67,0,0,0,0,0,0,0,0,0,0,0,0,11,0,0,0,0,0,0,0,0,0,0,0,0,0,0,0,1,0,0,0,0,0,0,0,0,0,0,0,0,0,7,0,3,0,0,0,0,0,0,0,0,0,0,0,0,15,0,79,0,0,3,0,2,0,0,0,0,0,0,0,0,0,0,0,0,0,0,0,0,0,0,6,0,0,0,0,0,0,0,0,0,0,0,0,0,0,84.3,0,1,0,0,0,0,0,0,0,0,0,0,7,61.1,1,0,0,0,0,0,0,0,0,0,0,0,0,0,0,0,0,0,0,0,0,0,0,456.5,0,0,0,0,0
34,2007,South,Harris Point,Reference,-120.4422075,34.08639577,0,0,0,19,1,0,0,0,0,0,0,0,0,0,1,0,0,0,0,7,0,0,0,0,0,0,0,11,0,0,0,0,0,0,0,0,0,0,0,0,0,0,0,0,0,0,4,0,0,0,0,0,0,0,0,0,0,0,0,0,0,0,0,0,0,0,0,0,0,0,0,0,0,0,47,0,0,0,0,1,0,0,0,0,0,0,0,0,0,0,0,0,0,0,0,0,0,0,4,0,0,0,0,0,0,0,0,0,0,0,0,0,0,7.2,0,0,0,0,0,0,0,0,0,1,0,0,0,8,0,0,0,0,0,0,0,0,0,2,0,0,0,0,0,0,0,0,0,0,0,0,0,0,0,0,0,0,0
35,2008,South,Harris Point,MPA,-120.3267844,34.07177999,0,0,0,69,0,0,0,0,0,0,0,0,0,0,83,0,0,0,0,0,0,0,0,0,0,0,0,19,0,0,3,0,0,0,1,0,0,0,0,0,0,0,0,1,0,0,3,0,0,0,0,0,0,0,0,0,0,41,0,0,0,0,0,0,0,1,0,0,16,0,0,0,10,0,33,0,0,0,0,2,0,0,7,0,0,1,0,0,0,0,0,0,0,0,0,0,0,0,10,0,0,0,0,0,0,0,0,0,0,0,0,1,0,814,0,22,0,0,0,0,0,0,0,2,0,0,236,112,14,0,0,0,0,0,0,0,0,0,0,1,0,0,0,0,0,0,0,0,0,0,0,17,0,0,0,0,0
36,2008,South,Harris Point,Reference,-120.4419504,34.09032719,0,0,0,15,0,0,0,0,0,0,0,0,0,0,3,0,0,0,0,6,0,0,0,0,0,0,0,10,0,0,0,0,0,0,0,0,0,0,0,0,0,0,0,7,0,0,0,0,0,0,0,0,0,0,0,0,0,25,0,0,0,0,0,0,0,0,0,0,0,0,0,0,0,0,59,0,0,1,0,0,0,0,0,0,0,0,0,0,0,0,0,0,0,0,0,0,0,0,0,0,0,0,0,0,0,0,0,0,0,0,0,0,0,29.2,0,2,0,0,0,0,0,0,0,3,0,0,33,0,7,0,0,0,0,0,0,0,0,1,0,0,0,0,0,0,0,0,0,0,0,0,0,0,0,0,0,0,0
37,2009,South,Harris Point,MPA,-120.3253134,34.0694882,0,0,0,129,0,0,0,0,0,0,0,0,0,0,110,0,0,0,0,1,0,0,0,0,0,0,0,25,0,0,116,0,0,0,0,0,0,0,0,0,0,0,0,0,0,0,23,0,0,0,0,0,0,0,0,0,0,38,0,1,0,0,0,0,0,2,0,0,0,0,0,1,5,0,32,0,0,0,0,6,0,0,9,0,0,0,0,0,0,0,0,0,0,0,0,0,0,0,5,0,0,0,1,0,0,0,0,0,0,0,0,0,0,2847.2,0,161,0,0,0,0,0,0,0,3,0,177.4,109.9,86,39,0,0,0,0,0,0,0,0,0,0,0,0,0,0,0,0,0,0,0,0,0,0,72,0,0,0,0,0
38,2009,South,Harris Point,Reference,-120.4376718,34.08249874,0,0,0,69,2,0,0,0,0,0,0,2,0,0,11,0,0,0,0,0,0,0,0,0,0,0,0,18,0,0,62,0,0,1,0,0,0,0,0,0,0,0,0,7,0,0,8,0,0,0,0,0,0,0,0,0,0,30,0,0,0,0,0,0,0,1,0,0,0,0,0,0,0,0,50,0,0,0,0,0,0,0,0,0,0,0,0,0,0,0,0,0,0,0,0,0,0,0,0,0,0,0,0,0,0,0,0,0,0,0,0,0,0,200.4,0,16,0,0,0,0,0,0,0,10,0,20.9,3,71,30,0,0,0,0,0,0,0,0,2,0,0,0,0,0,0,0,0,0,0,0,0,0,0,0,0,0,0,0
39,2014,South,Harris Point,MPA,-120.3264005,34.0692918,0,0,0,334,16,0,0,0,0,0,0,0,0,0,190,0,0,0,0,0,0,0,1,0,0,0,0,5,0,0,0,0,0,0,0,0,0,0,0,0,0,0,1,0,0,0,5,0,0,0,0,0,0,0,0,0,0,65,0,5,0,0,0,0,0,0,0,0,1,0,0,0,25,0,37,0,0,0,0,37,0,0,63,0,0,0,13,0,0,0,0,0,0,0,0,0,0,0,0,0,0,0,0,0,0,0,0,0,0,0,0,2,0,195.3,0,5,0,0,1,0,0,0,0,6,0,0,0,24,17,0,0,0,0,0,3,0,0,3,0,0,0,0,0,0,0,0,0,0,0,0,0,401.7,0,0,0,0,0
40,2014,South,Harris Point,Reference,-120.4406974,34.08564655,0,0,0,70,5,0,0,0,0,0,0,1,0,0,76,0,0,0,0,0,0,0,0,0,1,0,0,27,0,0,0,0,0,1,1,0,0,0,0,0,0,0,0,0,0,0,2,0,0,0,0,0,0,0,0,0,0,17,0,0,0,0,0,0,0,0,0,0,0,0,0,0,0,0,97,0,0,0,0,0,0,0,0,1,0,1,29,0,0,0,0,0,0,0,0,0,0,0,0,0,0,0,0,0,0,0,0,0,0,0,0,0,0,0,0,0,0,0,0,0,0,1,0,13,0,0,0,0,23,0,0,0,0,0,0,0,0,5,0,0,0,0,0,0,0,0,0,0,0,0,0,0,0,0,0,0,3
41,2015,South,Harris Point,MPA,-120.3243499,34.066137,0,0,0,234,0,0,0,0,0,0,0,0,0,0,256,0,0,0,0,0,0,0,0,0,0,0,0,20,0,0,0,0,0,0,0,0,0,0,0,0,0,0,1,0,0,0,7,0,0,0,0,0,0,0,0,0,0,82,0,3,0,0,0,0,0,0,0,0,4,0,0,0,19,0,39,0,0,0,0,18,0,0,21,0,0,0,13,0,0,0,0,0,0,0,0,0,0,0,0,0,0,0,0,0,0,0,0,0,0,0,0,0,0,0,0,8,0,0,0,0,0,0,0,5,0,0,0,11,24,0,0,0,0,0,32,0,0,0,0,0,0,0,0,0,0,0,0,0,0,0,0,687.4,0,0,0,0,0
42,2015,South,Harris Point,Reference,-120.442232,34.09025597,0,0,0,71,10,0,0,0,0,0,0,0,0,0,26,0,0,0,0,4,0,0,0,0,0,0,0,21,0,0,0,0,0,1,0,0,0,0,0,0,0,0,0,2,0,0,2,0,0,0,0,0,0,0,0,0,0,151,0,0,0,0,0,0,0,0,0,0,0,0,0,0,0,0,128,0,0,0,0,3,0,0,0,1,0,0,0,0,0,0,0,0,0,0,0,0,0,0,0,0,0,0,0,0,2,0,0,0,0,0,0,0,0,0,0,0,0,0,0,0,0,0,0,14,0,0,0,3,10,0,0,0,0,0,0,0,0,7,0,0,0,0,0,0,0,0,0,0,0,0,0,0,0,0,0,0,0
43,2005,South,South Point,MPA,-120.1157512,33.88449479,0,0,0,519.1,12,0,0,0,0,0,0,0,0,0,10,0,0,0,0,0,0,0,0,0,0,0,0,3,0,0,0,0,0,0,0,0,0,0,0,0,0,0,0,14,0,0,1,0,0,0,0,0,0,0,0,0,0,14,0,0,0,0,0,0,0,4,0,0,0,0,0,1,13,0,14,0,0,8,0,3,0,0,6,0,0,0,0,0,0,0,0,0,0,0,0,0,0,0,52,0,0,0,0,0,2,0,0,0,0,0,0,0,0,267.4,0,0,0,0,0,0,0,0,0,5,0,0,0,19,15,0,0,0,0,0,0,0,0,1,0,0,0,0,0,0,0,0,0,0,0,0,0,214.6,0,0,0,0,0
44,2005,South,South Point,Reference,-120.1942837,33.91080746,0,0,0,190,17,0,0,0,0,0,0,0,0,0,20,0,0,0,0,1,0,0,0,0,0,0,0,33,0,0,0,0,0,0,0,0,0,0,0,0,0,0,0,2,0,0,1,0,0,0,0,0,0,0,0,0,1,30,0,0,0,0,0,0,0,1,0,0,8,0,0,0,31,0,190,0,0,1,0,4,0,0,0,0,0,0,0,0,0,0,0,0,0,0,0,0,0,0,3,0,0,0,0,0,1,0,0,0,0,0,0,0,0,8,0,30,0,0,0,0,0,0,0,9,0,0,0,4,40,0,0,0,0,0,0,0,0,0,0,0,0,0,0,0,0,0,0,0,0,0,0,0,0,0,0,0,0
45,2006,South,South Point,MPA,-120.1161975,33.88354891,0,0,0,225,2,0,0,0,0,0,0,0,0,0,4,0,0,0,0,0,0,0,0,0,0,0,0,1,0,0,0,0,0,0,0,0,0,0,0,0,0,0,0,1,0,0,2,0,0,0,0,0,0,0,0,0,0,2,0,0,0,0,0,0,0,6,0,0,1,0,0,1,11,0,49,1,0,0,0,0,0,0,7,0,0,0,0,0,0,0,0,0,0,0,0,0,0,0,12,0,0,0,0,0,0,0,0,0,0,0,0,0,0,6,0,177.1,0,1,0,0,0,0,0,10,0,0,0,1,0,0,0,0,0,0,0,0,0,5,0,0,0,0,0,0,0,0,0,0,0,0,0,34,0,0,0,0,0
46,2006,South,South Point,Reference,-120.1928512,33.91031848,0,0,0,168,38,0,0,0,0,0,0,3,0,0,26,0,0,0,0,0,0,0,0,0,0,0,0,22,0,0,0,0,0,0,0,0,0,0,0,0,0,0,0,7,0,0,10,0,0,0,0,0,0,0,0,0,0,8,0,0,0,0,0,0,0,1,0,0,0,0,0,0,10,0,94,5,0,2,0,2,0,0,35,0,0,1,0,0,0,0,0,0,0,0,0,0,0,0,4,0,0,0,0,0,0,0,0,0,0,0,0,0,0,2,0,0,0,0,0,0,0,0,0,8,0,0,0,4,18,0,0,0,0,0,0,0,0,2,0,0,0,0,0,0,0,0,0,0,0,0,0,35,0,0,0,0,0
47,2007,South,South Point,MPA,-120.1171712,33.88311061,0,0,0,428,3,0,0,0,0,0,0,0,0,0,56,0,0,0,0,0,0,0,0,0,0,0,0,6,0,0,0,0,0,0,0,0,0,0,0,0,0,0,0,20,0,0,2,0,0,0,0,0,0,0,0,0,0,72,0,0,0,0,0,1,0,0,0,0,0,0,0,0,6,0,41,0,0,0,0,4,0,0,19,0,0,0,0,0,0,0,0,0,0,0,0,0,0,0,18,0,0,0,0,0,0,0,0,0,0,0,0,0,0,44,0,98,0,0,0,0,0,0,0,4,0,0,0,62,106,0,0,0,0,0,0,0,0,1,0,0,0,0,0,0,0,0,0,0,0,0,0,50,0,0,0,0,0
48,2007,South,South Point,Reference,-120.1921496,33.910079,0,0,0,99,1,0,0,0,0,0,0,0,0,0,7,0,0,0,0,0,0,0,0,0,0,0,0,8,0,0,0,0,0,0,0,0,0,0,0,0,0,0,0,1,0,0,2,0,0,0,0,0,0,0,0,0,0,13,0,0,0,0,0,0,0,0,0,0,1,0,0,0,8,0,83,1,0,2,0,0,0,0,30.2,0,0,0,0,0,0,0,0,0,0,0,0,0,0,0,1,0,0,0,0,0,0,0,0,0,0,0,0,0,0,2,0,1,0,0,0,0,0,0,0,4,0,3,1,8,34,0,0,0,0,0,0,0,0,0,0,0,0,0,0,0,0,0,0,0,0,0,0,0,0,0,0,0,0
49,2008,South,South Point,MPA,-120.1183678,33.88265248,0,0,0,171,1,0,0,0,0,0,0,0,0,0,26,0,0,0,0,0,0,0,0,0,0,0,0,4,0,0,0,0,0,0,0,0,0,0,0,0,0,0,0,1,0,0,1,0,0,0,0,0,0,0,0,0,0,24,0,0,0,0,0,0,0,1,0,0,0,0,0,0,8,0,16,0,0,0,0,0,0,0,29,0,0,0,0,0,0,0,0,0,0,0,0,0,0,0,3,0,0,0,0,0,0,0,0,0,0,0,0,0,0,32.5,0,7,0,0,0,0,0,0,0,1,0,0,32,0,42,0,0,0,0,0,0,0,0,0,0,0,0,0,0,0,0,0,0,0,0,0,0,658.7,0,0,0,0,0
50,2008,South,South Point,Reference,-120.1960975,33.90869351,0,0,0,30,0,0,0,0,0,0,0,0,0,0,10,0,0,0,0,0,0,0,0,0,0,0,0,5,0,0,0,0,0,0,0,0,0,0,0,0,0,0,0,0,0,0,1,0,0,0,0,0,0,0,0,0,0,29,0,0,0,0,0,0,0,0,0,0,6,0,0,0,6,0,169,0,0,0,0,0,0,0,20,0,0,0,0,0,0,0,0,0,0,0,0,0,0,0,5,0,0,0,0,0,0,0,0,0,0,0,0,0,0,141.6,0,25,0,0,0,0,0,0,0,2,0,36,44,0,69,0,0,0,0,0,0,0,0,2,0,0,0,0,0,0,0,0,0,0,0,0,0,81,0,0,0,0,0
51,2009,South,South Point,MPA,-120.117246,33.88269951,0,0,0,450,0,0,0,0,0,0,0,0,0,0,103,0,0,0,0,3,0,0,0,0,0,0,0,18,0,0,0,0,0,0,0,0,0,0,0,0,0,0,0,1,0,0,7,0,3,0,0,0,0,0,0,0,0,81,0,0,0,0,0,7,0,2,0,0,3,0,0,0,20,0,25,0,0,2,0,8,0,0,36,0,0,0,0,0,0,0,0,0,0,0,0,0,0,0,7,0,0,0,0,0,0,0,0,0,0,0,0,0,0,40,0,237.8,0,0,0,0,0,0,0,8,0,0,72,1,85,0,0,0,0,0,0,0,0,1,0,0,0,0,0,0,0,0,0,0,0,0,0,775.7,0,0,0,0,0
52,2009,South,South Point,Reference,-120.1934548,33.90935048,0,0,0,83,0,0,0,0,0,0,0,0,0,0,17,0,0,0,0,0,0,0,0,0,0,0,0,8,0,0,0,0,0,0,0,0,0,0,0,0,0,0,0,4,0,0,0,0,0,0,0,0,0,0,0,0,0,49,0,0,0,0,0,0,0,0,0,0,0,0,0,0,15,0,32,0,0,0,0,7,0,0,10,0,0,0,0,0,0,0,0,0,0,0,0,0,0,0,2,0,0,0,0,0,0,0,0,0,0,0,0,0,0,63.2,0,2,0,0,0,0,0,0,0,1,0,2,42,0,30,0,0,0,0,0,0,0,0,0,0,0,0,0,0,0,0,0,0,0,0,0,0,12,0,0,0,0,0
53,2014,South,South Point,MPA,-120.1177259,33.88291703,1,0,0,1003.8,0,0,0,0,0,0,0,0,0,0,79,0,0,0,0,2,0,0,0,0,0,0,0,1,0,0,0,0,0,0,2,0,0,0,0,0,0,0,1,0,0,0,14,0,7,0,0,0,0,0,0,0,0,115,0,0,0,0,0,0,0,0,0,0,6,0,0,0,12,0,8,2,0,0,0,10,0,0,38,0,0,0,0,0,0,0,0,0,0,0,0,0,0,0,0,0,0,0,0,0,0,0,0,0,0,0,0,6,0,116,0,190,0,1,0,0,0,0,0,14,0,0,0,0,15,0,0,0,0,0,0,0,0,0,0,0,0,0,0,0,0,0,0,0,0,0,0,480.3,0,0,0,0,0
54,2014,South,South Point,Reference,-120.1945951,33.90903369,0,0,0,153,0,0,0,0,0,1,0,19,0,0,73,0,0,0,0,3,0,0,0,0,0,0,0,20,0,0,0,0,0,0,0,0,0,0,0,0,0,0,0,0,0,0,9,0,1,0,0,0,0,0,0,0,0,145,0,1,0,0,0,0,0,0,0,0,33,0,0,0,43,0,215,0,0,0,0,0,0,0,61,0,0,0,54,0,0,0,0,0,0,0,0,0,0,0,0,0,0,0,0,0,1,0,0,0,0,0,0,1,0,0,0,30,0,0,0,0,0,1,0,22,0,0,0,3,118,0,0,0,0,0,0,1,0,1,0,0,0,0,3,0,0,0,0,0,0,0,0,190,0,0,0,0,0
55,2015,South,South Point,MPA,-120.1155107,33.88481007,0,0,0,635,3,0,0,0,0,0,0,4,0,0,103,0,0,0,0,0,0,0,0,0,0,0,0,17,0,0,0,0,0,0,3,0,0,0,0,0,0,0,2,0,0,0,21,0,2,0,0,0,0,0,0,0,0,129,0,0,0,0,0,68.9,0,0,0,0,2,2,0,0,23,0,6,0,0,1,0,29,0,0,10,0,0,0,0,0,0,0,0,0,0,0,0,0,0,0,0,0,0,0,0,0,0,0,0,0,0,0,0,0,0,27,0,9,0,0,0,0,0,0,0,20,0,0,0,8,119,0,0,0,0,0,0,0,0,4,0,3,0,0,0,0,0,0,0,0,0,0,0,203.5,0,177.1,0,1,0
56,2015,South,South Point,Reference,-120.1971691,33.9088021,0,0,0,70,10,0,0,0,0,0,0,0,0,0,154,0,0,0,0,3,0,0,0,0,0,0,0,24,0,0,0,0,0,0,0,0,0,0,0,0,0,0,0,0,0,0,4,0,2,0,0,0,0,0,0,0,0,31,0,0,0,0,0,0,0,0,0,0,29,0,2,0,32,0,302,3,0,2,0,8,0,0,99,0,0,0,61,0,0,0,0,0,0,0,0,0,0,0,0,0,0,0,0,0,0,0,0,0,0,0,0,3,0,0,0,41,0,0,0,0,0,0,0,28,0,0,0,9,150,0,0,0,0,0,0,0,0,6,0,0,0,0,0,0,0,0,0,0,0,0,0,72,0,0,0,0,0
